productType,variantId,sku,prices,categories,baseId,images,name.en,description.en,slug.en,metaTitle.en,metaDescription.en,metaKeywords.en,size,color,material
main,1,CLOM0000,US-USD 1400,Clothes and shoes>Men,10000,https://raw.githubusercontent.com/michaelsmorgon/eCommerce-images/master/clothing-and-shoes/men/10000/brand.jpg,1791 Jr Big Star slippers,"Big Star 1791 flip-flops are footwear suitable for warm and sunny days, which are dedicated to children and teenagers.",1791-jr-big-star-slippers,,,,,
,2,CLOM0001,US-USD 1400,Clothes and shoes>Men,10000,https://raw.githubusercontent.com/michaelsmorgon/eCommerce-images/master/clothes-and-shoes/men/10000/white.jpg,,,,,,,42,white,
,3,CLOM0002,US-USD 1400,Clothes and shoes>Men,10000,https://raw.githubusercontent.com/michaelsmorgon/eCommerce-images/master/clothes-and-shoes/men/10000/white2.jpg,,,,,,,41,white,
,4,CLOM0003,US-USD 1400,Clothes and shoes>Men,10000,https://raw.githubusercontent.com/michaelsmorgon/eCommerce-images/master/clothes-and-shoes/men/10000/white3.jpg,,,,,,,40,white,
,5,CLOM0004,US-USD 1400,Clothes and shoes>Men,10000,https://raw.githubusercontent.com/michaelsmorgon/eCommerce-images/master/clothes-and-shoes/men/10000/red.jpg,,,,,,,42,red,
,6,CLOM0005,US-USD 1400,Clothes and shoes>Men,10000,https://raw.githubusercontent.com/michaelsmorgon/eCommerce-images/master/clothes-and-shoes/men/10000/red.jpg,,,,,,,41,red,
,7,CLOM0006,US-USD 1400,Clothes and shoes>Men,10000,https://raw.githubusercontent.com/michaelsmorgon/eCommerce-images/master/clothes-and-shoes/men/10000/red.jpg,,,,,,,40,red,
,8,CLOM0007,US-USD 1400,Clothes and shoes>Men,10000,https://raw.githubusercontent.com/michaelsmorgon/eCommerce-images/master/clothes-and-shoes/men/10000/black.jpg,,,,,,,42,black,
,9,CLOM0008,US-USD 1400,Clothes and shoes>Men,10000,https://raw.githubusercontent.com/michaelsmorgon/eCommerce-images/master/clothes-and-shoes/men/10000/black2.jpg,,,,,,,41,black,
main,1,CLOM0100,US-USD 1200,Clothes and shoes>Men,10001,https://raw.githubusercontent.com/michaelsmorgon/eCommerce-images/master/clothes-and-shoes/men/10001/black.jpg,Essentials T-shirt,"This shirt should not be missing in your child's wardrobe - a shirt certainly for the original youth.",essentials-t-shirt,,,,,
,3,CLOM0102,US-USD 1200,Clothes and shoes>Men,10001,https://raw.githubusercontent.com/michaelsmorgon/eCommerce-images/master/clothes-and-shoes/men/10001/black.jpg,,,,,,,s,black,polyester
,4,CLOM0103,US-USD 1200,Clothes and shoes>Men,10001,https://raw.githubusercontent.com/michaelsmorgon/eCommerce-images/master/clothes-and-shoes/men/10001/ogange.jpg,,,,,,,s,orange,polyester
,2,CLOM0101,US-USD 1200,Clothes and shoes>Men,10001,https://raw.githubusercontent.com/michaelsmorgon/eCommerce-images/master/clothes-and-shoes/men/10001/black.jpg,,,,,,,xl,black,polyester
,5,CLOM0104,US-USD 1200,Clothes and shoes>Men,10001,https://raw.githubusercontent.com/michaelsmorgon/eCommerce-images/master/clothes-and-shoes/men/10001/ogange.jpg,,,,,,,m,orange,polyester
,6,CLOM0105,US-USD 1200,Clothes and shoes>Men,10001,https://raw.githubusercontent.com/michaelsmorgon/eCommerce-images/master/clothes-and-shoes/men/10001/white.jpg,,,,,,,s,white,polyester
,7,CLOM0106,US-USD 1200,Clothes and shoes>Men,10001,https://raw.githubusercontent.com/michaelsmorgon/eCommerce-images/master/clothes-and-shoes/men/10001/white.jpg,,,,,,,m,white,polyester
,8,CLOM0107,US-USD 1200,Clothes and shoes>Men,10001,https://raw.githubusercontent.com/michaelsmorgon/eCommerce-images/master/clothes-and-shoes/men/10001/yellow.jpg,,,,,,,xl,yellow,polyester
,9,CLOM0108,US-USD 1200,Clothes and shoes>Men,10001,https://raw.githubusercontent.com/michaelsmorgon/eCommerce-images/master/clothes-and-shoes/men/10001/yellow.jpg,,,,,,,s,yellow,polyester
main,1,CLOM0200,US-USD 9900,Clothes and shoes>Men,10002,https://raw.githubusercontent.com/michaelsmorgon/eCommerce-images/master/clothes-and-shoes/men/10002/001.jpg,Kampus Vagabond shoes,"Vagabond Campus trekking shoes are comfortable and durable, so they will serve you for a long time.",kampus-vagabond-shoes,,,,,
,2,CLOM0201,US-USD 9900,Clothes and shoes>Men,10002,https://raw.githubusercontent.com/michaelsmorgon/eCommerce-images/master/clothes-and-shoes/men/10002/001.jpg,,,,,,,42,black,
,3,CLOM0202,US-USD 9900,Clothes and shoes>Men,10002,https://raw.githubusercontent.com/michaelsmorgon/eCommerce-images/master/clothes-and-shoes/men/10002/002.jpg,,,,,,,41,black,
,4,CLOM0203,US-USD 9900,Clothes and shoes>Men,10002,https://raw.githubusercontent.com/michaelsmorgon/eCommerce-images/master/clothes-and-shoes/men/10002/003.jpg,,,,,,,40,black,
,5,CLOM0204,US-USD 9900,Clothes and shoes>Men,10002,https://raw.githubusercontent.com/michaelsmorgon/eCommerce-images/master/clothes-and-shoes/men/10002/004.jpg,,,,,,,39,black,
,6,CLOM0205,US-USD 9900,Clothes and shoes>Men,10002,https://raw.githubusercontent.com/michaelsmorgon/eCommerce-images/master/clothes-and-shoes/men/10002/001.jpg,,,,,,,41,white,
,7,CLOM0206,US-USD 9900,Clothes and shoes>Men,10002,https://raw.githubusercontent.com/michaelsmorgon/eCommerce-images/master/clothes-and-shoes/men/10002/002.jpg,,,,,,,40,white,
,8,CLOM0207,US-USD 9900,Clothes and shoes>Men,10002,https://raw.githubusercontent.com/michaelsmorgon/eCommerce-images/master/clothes-and-shoes/men/10002/003.jpg,,,,,,,42,white,
,9,CLOM0208,US-USD 9900,Clothes and shoes>Men,10002,https://raw.githubusercontent.com/michaelsmorgon/eCommerce-images/master/clothes-and-shoes/men/10002/004.jpg,,,,,,,39,white,
main,1,CLOM0300,US-USD 18800,Clothes and shoes>Men,10003,https://raw.githubusercontent.com/michaelsmorgon/eCommerce-images/master/clothes-and-shoes/men/10003/001.jpg,Odin Helly Hansen hose jacket,"The functional Odin Minimalist Infinity diaphragm jacket from Helly Hansen will make no trip a threat to you.",odin-helly-hansen-hose-jacket,,,,,
,2,CLOM0301,US-USD 18800,Clothes and shoes>Men,10003,https://raw.githubusercontent.com/michaelsmorgon/eCommerce-images/master/clothes-and-shoes/men/10003/001.jpg,,,,,,,l,yellow,polyester
,3,CLOM0302,US-USD 18800,Clothes and shoes>Men,10003,https://raw.githubusercontent.com/michaelsmorgon/eCommerce-images/master/clothes-and-shoes/men/10003/002.jpg,,,,,,,xl,yellow,polyester
,4,CLOM0303,US-USD 18800,Clothes and shoes>Men,10003,https://raw.githubusercontent.com/michaelsmorgon/eCommerce-images/master/clothes-and-shoes/men/10003/003.jpg,,,,,,,xxl,yellow,polyester
,5,CLOM0304,US-USD 18800,Clothes and shoes>Men,10003,https://raw.githubusercontent.com/michaelsmorgon/eCommerce-images/master/clothes-and-shoes/men/10003/001.jpg,,,,,,,l,white,polyester
,6,CLOM0305,US-USD 18800,Clothes and shoes>Men,10003,https://raw.githubusercontent.com/michaelsmorgon/eCommerce-images/master/clothes-and-shoes/men/10003/002.jpg,,,,,,,xl,white,polyester
,7,CLOM0306,US-USD 18800,Clothes and shoes>Men,10003,https://raw.githubusercontent.com/michaelsmorgon/eCommerce-images/master/clothes-and-shoes/men/10003/003.jpg,,,,,,,s,white,polyester
,8,CLOM0307,US-USD 18800,Clothes and shoes>Men,10003,https://raw.githubusercontent.com/michaelsmorgon/eCommerce-images/master/clothes-and-shoes/men/10003/001.jpg,,,,,,,s,black,polyester
,9,CLOM0308,US-USD 18800,Clothes and shoes>Men,10003,https://raw.githubusercontent.com/michaelsmorgon/eCommerce-images/master/clothes-and-shoes/men/10003/002.jpg,,,,,,,l,black,polyester
main,1,CLOM0400,US-USD 9900,Clothes and shoes>Men,10004,https://raw.githubusercontent.com/michaelsmorgon/eCommerce-images/master/clothes-and-shoes/men/10004/0401.jpg,Shoes Forum Low Adidas,"Are you looking for comfortable and fashionable shoes? Forum Low Adidas shoes are perfect.",shoes-forum-low-adidas,,,,,
,2,CLOM0401,US-USD 9900,Clothes and shoes>Men,10004,https://raw.githubusercontent.com/michaelsmorgon/eCommerce-images/master/clothes-and-shoes/men/10004/0401.jpg,,,,,,,39,yellow,
,3,CLOM0402,US-USD 9900,Clothes and shoes>Men,10004,https://raw.githubusercontent.com/michaelsmorgon/eCommerce-images/master/clothes-and-shoes/men/10004/0402.jpg,,,,,,,40,yellow,
,4,CLOM0403,US-USD 9900,Clothes and shoes>Men,10004,https://raw.githubusercontent.com/michaelsmorgon/eCommerce-images/master/clothes-and-shoes/men/10004/0403.jpg,,,,,,,41,yellow,
,5,CLOM0404,US-USD 9900,Clothes and shoes>Men,10004,https://raw.githubusercontent.com/michaelsmorgon/eCommerce-images/master/clothes-and-shoes/men/10004/0401.jpg,,,,,,,42,white,
main,1,CLOM0500,US-USD 21200,Clothes and shoes>Women,10005,https://raw.githubusercontent.com/michaelsmorgon/eCommerce-images/master/clothes-and-shoes/women/10005/0501-cyan.jpg,Feathering Caribb Helly Hansen shoe,"Helly Hansen Feathering shoes will delight the most demending users.",hansen-shoe,,,,,
,2,CLOM0501,US-USD 21200,Clothes and shoes>Women,10005,https://raw.githubusercontent.com/michaelsmorgon/eCommerce-images/master/clothes-and-shoes/women/10005/0501-cyan.jpg,,,,,,,39,cyan,
,3,CLOM0502,US-USD 21200,Clothes and shoes>Women,10005,https://raw.githubusercontent.com/michaelsmorgon/eCommerce-images/master/clothes-and-shoes/women/10005/0502-cyan.jpg,,,,,,,40,cyan,
,4,CLOM0503,US-USD 21200,Clothes and shoes>Women,10005,https://raw.githubusercontent.com/michaelsmorgon/eCommerce-images/master/clothes-and-shoes/women/10005/0503-cyan.jpg,,,,,,,41,cyan,
,5,CLOM0504,US-USD 21200,Clothes and shoes>Women,10005,https://raw.githubusercontent.com/michaelsmorgon/eCommerce-images/master/clothes-and-shoes/women/10005/0504-cyan.jpg,,,,,,,42,cyan,
,6,CLOM0505,US-USD 21200,Clothes and shoes>Women,10005,https://raw.githubusercontent.com/michaelsmorgon/eCommerce-images/master/clothes-and-shoes/women/10005/0501-pink.jpg,,,,,,,39,pink,
,7,CLOM0506,US-USD 21200,Clothes and shoes>Women,10005,https://raw.githubusercontent.com/michaelsmorgon/eCommerce-images/master/clothes-and-shoes/women/10005/0502-pink.jpg,,,,,,,40,pink,
,8,CLOM0507,US-USD 21200,Clothes and shoes>Women,10005,https://raw.githubusercontent.com/michaelsmorgon/eCommerce-images/master/clothes-and-shoes/women/10005/0503-pink.jpg,,,,,,,41,pink,
,9,CLOM0508,US-USD 21200,Clothes and shoes>Women,10005,https://raw.githubusercontent.com/michaelsmorgon/eCommerce-images/master/clothes-and-shoes/women/10005/0504-pink.jpg,,,,,,,42,pink,
main,1,CLOM0600,US-USD 3200,Clothes and shoes>Women,10006,https://raw.githubusercontent.com/michaelsmorgon/eCommerce-images/master/clothes-and-shoes/women/10006/0601-black.jpg,sweatshirt 4F,"The sweatshirt has a 2D adjustable hood that adds to its sporting character. Flexible cuffs allow comfortable use of the sweatshirt - allow you to pull up your sleeves.",sweatshirt-4f,,,,,
,2,CLOM0601,US-USD 3200,Clothes and shoes>Women,10006,https://raw.githubusercontent.com/michaelsmorgon/eCommerce-images/master/clothes-and-shoes/women/10006/0601-black.jpg,,,,,,,s,black,polyester
,3,CLOM0602,US-USD 3200,Clothes and shoes>Women,10006,https://raw.githubusercontent.com/michaelsmorgon/eCommerce-images/master/clothes-and-shoes/women/10006/0601-black.jpg,,,,,,,xs,black,polyester
,4,CLOM0603,US-USD 3200,Clothes and shoes>Women,10006,https://raw.githubusercontent.com/michaelsmorgon/eCommerce-images/master/clothes-and-shoes/women/10006/0602-pink.jpg,,,,,,,s,pink,polyester
,5,CLOM0604,US-USD 3200,Clothes and shoes>Women,10006,https://raw.githubusercontent.com/michaelsmorgon/eCommerce-images/master/clothes-and-shoes/women/10006/0602-pink.jpg,,,,,,,xs,pink,polyester
,6,CLOM0605,US-USD 3200,Clothes and shoes>Women,10006,https://raw.githubusercontent.com/michaelsmorgon/eCommerce-images/master/clothes-and-shoes/women/10006/0603-navy-blue.jpg,,,,,,,s,navy-blue,polyester
,7,CLOM0606,US-USD 3200,Clothes and shoes>Women,10006,https://raw.githubusercontent.com/michaelsmorgon/eCommerce-images/master/clothes-and-shoes/women/10006/0603-navy-blue.jpg,,,,,,,xs,navy-blue,polyester
,8,CLOM0607,US-USD 3200,Clothes and shoes>Women,10006,https://raw.githubusercontent.com/michaelsmorgon/eCommerce-images/master/clothes-and-shoes/women/10006/0604-grey.jpg,,,,,,,s,grey,polyester
,9,CLOM0608,US-USD 3200,Clothes and shoes>Women,10006,https://raw.githubusercontent.com/michaelsmorgon/eCommerce-images/master/clothes-and-shoes/women/10006/0604-grey.jpg,,,,,,,xs,grey,polyester
main,1,CLOM0700,US-USD 7500,Clothes and shoes>Women,10007,https://raw.githubusercontent.com/michaelsmorgon/eCommerce-images/master/clothes-and-shoes/women/10007/0701.jpg,sweatshirt Badge sports hoodie Adidas,"The comfortable Must Haves Badge of Sport sweatshirt from Adidas made of soft terry material, which will give you comfort while you are struggling with the hardships of everyday life.",sweatshirt-adidas,,,,,
,2,CLOM0701,US-USD 7500,Clothes and shoes>Women,10007,https://raw.githubusercontent.com/michaelsmorgon/eCommerce-images/master/clothes-and-shoes/women/10007/0702.jpg,,,,,,,s,white,cotton
,3,CLOM0702,US-USD 7500,Clothes and shoes>Women,10007,https://raw.githubusercontent.com/michaelsmorgon/eCommerce-images/master/clothes-and-shoes/women/10007/0703.jpg,,,,,,,s,white,cotton
,4,CLOM0703,US-USD 7500,Clothes and shoes>Women,10007,https://raw.githubusercontent.com/michaelsmorgon/eCommerce-images/master/clothes-and-shoes/women/10007/0702.jpg,,,,,,,xs,white,cotton
,5,CLOM0704,US-USD 7500,Clothes and shoes>Women,10007,https://raw.githubusercontent.com/michaelsmorgon/eCommerce-images/master/clothes-and-shoes/women/10007/0703.jpg,,,,,,,xs,white,cotton
,6,CLOM0705,US-USD 7500,Clothes and shoes>Women,10007,https://raw.githubusercontent.com/michaelsmorgon/eCommerce-images/master/clothes-and-shoes/women/10007/0702.jpg,,,,,,,s,black,cotton
,7,CLOM0706,US-USD 7500,Clothes and shoes>Women,10007,https://raw.githubusercontent.com/michaelsmorgon/eCommerce-images/master/clothes-and-shoes/women/10007/0703.jpg,,,,,,,s,black,cotton
,8,CLOM0707,US-USD 7500,Clothes and shoes>Women,10007,https://raw.githubusercontent.com/michaelsmorgon/eCommerce-images/master/clothes-and-shoes/women/10007/0702.jpg,,,,,,,xs,black,cotton
,9,CLOM0708,US-USD 7500,Clothes and shoes>Women,10007,https://raw.githubusercontent.com/michaelsmorgon/eCommerce-images/master/clothes-and-shoes/women/10007/0703.jpg,,,,,,,xs,black,cotton
main,1,CLOM0800,US-USD 7500,Clothes and shoes>Women,10008,https://raw.githubusercontent.com/michaelsmorgon/eCommerce-images/master/clothes-and-shoes/women/10008/0801.jpg,Training set Fitness Gravity Stamped Labellamafia,"The model is very durable and durable, is perfect for fitness training or even while running.",fitness-gravity-stamped-labellamafia,,,,,
,2,CLOM0801,US-USD 7500,Clothes and shoes>Women,10008,https://raw.githubusercontent.com/michaelsmorgon/eCommerce-images/master/clothes-and-shoes/women/10008/0802.jpg,,,,,,,s,,polyester
,3,CLOM0802,US-USD 7500,Clothes and shoes>Women,10008,https://raw.githubusercontent.com/michaelsmorgon/eCommerce-images/master/clothes-and-shoes/women/10008/0803.jpg,,,,,,,s,,polyester
,4,CLOM0803,US-USD 7500,Clothes and shoes>Women,10008,https://raw.githubusercontent.com/michaelsmorgon/eCommerce-images/master/clothes-and-shoes/women/10008/0804.jpg,,,,,,,s,,polyester
,5,CLOM0804,US-USD 7500,Clothes and shoes>Women,10008,https://raw.githubusercontent.com/michaelsmorgon/eCommerce-images/master/clothes-and-shoes/women/10008/0805.jpg,,,,,,,s,,polyester
,6,CLOM0805,US-USD 7500,Clothes and shoes>Women,10008,https://raw.githubusercontent.com/michaelsmorgon/eCommerce-images/master/clothes-and-shoes/women/10008/0802.jpg,,,,,,,xs,,polyester
,7,CLOM0806,US-USD 7500,Clothes and shoes>Women,10008,https://raw.githubusercontent.com/michaelsmorgon/eCommerce-images/master/clothes-and-shoes/women/10008/0803.jpg,,,,,,,xs,,polyester
,8,CLOM0807,US-USD 7500,Clothes and shoes>Women,10008,https://raw.githubusercontent.com/michaelsmorgon/eCommerce-images/master/clothes-and-shoes/women/10008/0804.jpg,,,,,,,xs,,polyester
,9,CLOM0808,US-USD 7500,Clothes and shoes>Women,10008,https://raw.githubusercontent.com/michaelsmorgon/eCommerce-images/master/clothes-and-shoes/women/10008/0805.jpg,,,,,,,xs,,polyester
main,1,CLOM0900,US-USD 2500,Clothes and shoes>Women,10009,https://raw.githubusercontent.com/michaelsmorgon/eCommerce-images/master/clothes-and-shoes/women/10009/0901.jpg,T-shirt Training Essentials Linear Reebok,"The Training Essentials Lineair Reebok women's t-shirt is an excellent choice for any woman looking for reliable comfort and a stylish look.",t-shirt-reebok,,,,,
,2,CLOM0901,US-USD 2500,Clothes and shoes>Women,10009,https://raw.githubusercontent.com/michaelsmorgon/eCommerce-images/master/clothes-and-shoes/women/10009/0901.jpg,,,,,,,s,pink,cotton
,3,CLOM0902,US-USD 2500,Clothes and shoes>Women,10009,https://raw.githubusercontent.com/michaelsmorgon/eCommerce-images/master/clothes-and-shoes/women/10009/0902.jpg,,,,,,,s,pink,cotton
,4,CLOM0903,US-USD 2500,Clothes and shoes>Women,10009,https://raw.githubusercontent.com/michaelsmorgon/eCommerce-images/master/clothes-and-shoes/women/10009/0903.jpg,,,,,,,s,pink,cotton
,5,CLOM0904,US-USD 2500,Clothes and shoes>Women,10009,https://raw.githubusercontent.com/michaelsmorgon/eCommerce-images/master/clothes-and-shoes/women/10009/0901.jpg,,,,,,,s,white,cotton
,6,CLOM0905,US-USD 2500,Clothes and shoes>Women,10009,https://raw.githubusercontent.com/michaelsmorgon/eCommerce-images/master/clothes-and-shoes/women/10009/0902.jpg,,,,,,,s,white,cotton
,7,CLOM0906,US-USD 2500,Clothes and shoes>Women,10009,https://raw.githubusercontent.com/michaelsmorgon/eCommerce-images/master/clothes-and-shoes/women/10009/0903.jpg,,,,,,,s,white,cotton
,8,CLOM0907,US-USD 2500,Clothes and shoes>Women,10009,https://raw.githubusercontent.com/michaelsmorgon/eCommerce-images/master/clothes-and-shoes/women/10009/0901.jpg,,,,,,,s,blue,cotton
,9,CLOM0908,US-USD 2500,Clothes and shoes>Women,10009,https://raw.githubusercontent.com/michaelsmorgon/eCommerce-images/master/clothes-and-shoes/women/10009/0902.jpg,,,,,,,s,blue,cotton
,10,CLOM0909,US-USD 2500,Clothes and shoes>Women,10009,https://raw.githubusercontent.com/michaelsmorgon/eCommerce-images/master/clothes-and-shoes/women/10009/0903.jpg,,,,,,,s,blue,cotton
main,1,CLOM1000,US-USD 2000,Fitness and gym>Exercise accessories,10010,https://raw.githubusercontent.com/michaelsmorgon/eCommerce-images/master/fitness-and-gym/accessories/10010/1001.jpg,Set of resistance rubbers for exercise 0.5-30kg 5pc Gymtek,"The set of exercise rubbers will diversify your strengthening and stretching training. In the set you will find 5 rubbers with varying degrees of resistance. Its total range is 0.5 â€“ 30 kg.",rubbers-for-exercise-05-30kg-5pc-gymtek,,,,,
,2,CLOM1001,US-USD 2000,Fitness and gym>Exercise accessories,10010,https://raw.githubusercontent.com/michaelsmorgon/eCommerce-images/master/fitness-and-gym/accessories/10010/1001.jpg,,,,,,,,multicolored,
,3,CLOM1002,US-USD 2000,Fitness and gym>Exercise accessories,10010,https://raw.githubusercontent.com/michaelsmorgon/eCommerce-images/master/fitness-and-gym/accessories/10010/1002.jpg,,,,,,,,multicolored,
,4,CLOM1003,US-USD 2000,Fitness and gym>Exercise accessories,10010,https://raw.githubusercontent.com/michaelsmorgon/eCommerce-images/master/fitness-and-gym/accessories/10010/1003.jpg,,,,,,,,multicolored,
,5,CLOM1004,US-USD 2000,Fitness and gym>Exercise accessories,10010,https://raw.githubusercontent.com/michaelsmorgon/eCommerce-images/master/fitness-and-gym/accessories/10010/1004.jpg,,,,,,,,multicolored,
main,1,CLOM1100,US-USD 2500,Fitness and gym>Exercise accessories,10011,https://raw.githubusercontent.com/michaelsmorgon/eCommerce-images/master/fitness-and-gym/accessories/10011/1101.jpg,"Exercise mat, yoga NBR 1.5cm Gymtek","The exercise accessory is made of high density NBR material, which significantly translates into the strength of the mat.",exercise-mat-gymtek,,,,,
,2,CLOM1101,US-USD 2500,Fitness and gym>Exercise accessories,10011,https://raw.githubusercontent.com/michaelsmorgon/eCommerce-images/master/fitness-and-gym/accessories/10011/1101.jpg,,,,,,,,blue,
,3,CLOM1102,US-USD 2500,Fitness and gym>Exercise accessories,10011,https://raw.githubusercontent.com/michaelsmorgon/eCommerce-images/master/fitness-and-gym/accessories/10011/1102.jpg,,,,,,,,blue,
,4,CLOM1103,US-USD 2500,Fitness and gym>Exercise accessories,10011,https://raw.githubusercontent.com/michaelsmorgon/eCommerce-images/master/fitness-and-gym/accessories/10011/1103.jpg,,,,,,,,blue,
,5,CLOM1104,US-USD 2500,Fitness and gym>Exercise accessories,10011,https://raw.githubusercontent.com/michaelsmorgon/eCommerce-images/master/fitness-and-gym/accessories/10011/1101.jpg,,,,,,,,red,
,6,CLOM1105,US-USD 2500,Fitness and gym>Exercise accessories,10011,https://raw.githubusercontent.com/michaelsmorgon/eCommerce-images/master/fitness-and-gym/accessories/10011/1102.jpg,,,,,,,,red,
,7,CLOM1106,US-USD 2500,Fitness and gym>Exercise accessories,10011,https://raw.githubusercontent.com/michaelsmorgon/eCommerce-images/master/fitness-and-gym/accessories/10011/1103.jpg,,,,,,,,red,
main,1,CLOM1200,US-USD 2500,Fitness and gym>Exercise accessories,10012,https://raw.githubusercontent.com/michaelsmorgon/eCommerce-images/master/fitness-and-gym/accessories/10012/1201.jpg,"Extension bar for pulling up 70-100cm Gymtek","The stick has an adjustable length in the range from 70 to 100 cm, so you can easily place it in any home door frame.",bar-for-pulling-up-gymtek,,,,,
,2,CLOM1201,US-USD 2500,Fitness and gym>Exercise accessories,10012,https://raw.githubusercontent.com/michaelsmorgon/eCommerce-images/master/fitness-and-gym/accessories/10012/1201.jpg,,,,,,,,blue,
,3,CLOM1202,US-USD 2500,Fitness and gym>Exercise accessories,10012,https://raw.githubusercontent.com/michaelsmorgon/eCommerce-images/master/fitness-and-gym/accessories/10012/1202.jpg,,,,,,,,blue,
,4,CLOM1203,US-USD 2500,Fitness and gym>Exercise accessories,10012,https://raw.githubusercontent.com/michaelsmorgon/eCommerce-images/master/fitness-and-gym/accessories/10012/1203.jpg,,,,,,,,blue,
main,1,CLOM1300,US-USD 10000,Fitness and gym>Exercise accessories,10013,https://raw.githubusercontent.com/michaelsmorgon/eCommerce-images/master/fitness-and-gym/accessories/10013/1301.jpg,"Set of chrome dumbbells in a 20kg Gymtek suitcase","A set of chrome dumbbells 20 kg Gyms will be useful at home for every strength training lover.",chrome-dumbbells-20kg-gymtek,,,,,
,2,CLOM1301,US-USD 10000,Fitness and gym>Exercise accessories,10013,https://raw.githubusercontent.com/michaelsmorgon/eCommerce-images/master/fitness-and-gym/accessories/10013/1301.jpg,,,,,,,,,
,3,CLOM1302,US-USD 10000,Fitness and gym>Exercise accessories,10013,https://raw.githubusercontent.com/michaelsmorgon/eCommerce-images/master/fitness-and-gym/accessories/10013/1302.jpg,,,,,,,,,
,4,CLOM1303,US-USD 10000,Fitness and gym>Exercise accessories,10013,https://raw.githubusercontent.com/michaelsmorgon/eCommerce-images/master/fitness-and-gym/accessories/10013/1303.jpg,,,,,,,,,
,5,CLOM1304,US-USD 10000,Fitness and gym>Exercise accessories,10013,https://raw.githubusercontent.com/michaelsmorgon/eCommerce-images/master/fitness-and-gym/accessories/10013/1304.jpg,,,,,,,,,
,6,CLOM1305,US-USD 10000,Fitness and gym>Exercise accessories,10013,https://raw.githubusercontent.com/michaelsmorgon/eCommerce-images/master/fitness-and-gym/accessories/10013/1305.jpg,,,,,,,,,
main,1,CLOM1400,US-USD 75000,Fitness and gym>Fitness equipment,10014,https://raw.githubusercontent.com/michaelsmorgon/eCommerce-images/master/fitness-and-gym/equipment/10014/1401.jpg,"Cyborg 1 HMS exercise atlas","Cyborg 1 by HMS is a professional atlas for exercising at home, which will be as professional as in a gym.",cyborg-1-hms-exercise-atlas,,,,,
,2,CLOM1401,US-USD 75000,Fitness and gym>Fitness equipment,10014,https://raw.githubusercontent.com/michaelsmorgon/eCommerce-images/master/fitness-and-gym/equipment/10014/1401.jpg,,,,,,,,,
,3,CLOM1402,US-USD 75000,Fitness and gym>Fitness equipment,10014,https://raw.githubusercontent.com/michaelsmorgon/eCommerce-images/master/fitness-and-gym/equipment/10014/1402.jpg,,,,,,,,,
,4,CLOM1403,US-USD 75000,Fitness and gym>Fitness equipment,10014,https://raw.githubusercontent.com/michaelsmorgon/eCommerce-images/master/fitness-and-gym/equipment/10014/1403.jpg,,,,,,,,,
,5,CLOM1404,US-USD 75000,Fitness and gym>Fitness equipment,10014,https://raw.githubusercontent.com/michaelsmorgon/eCommerce-images/master/fitness-and-gym/equipment/10014/1404.jpg,,,,,,,,,
main,1,CLOM1500,US-USD 25000,Fitness and gym>Fitness equipment,10015,https://raw.githubusercontent.com/michaelsmorgon/eCommerce-images/master/fitness-and-gym/equipment/10015/1501.jpg,"XB900 Gymtek magnetic bike","Take care of yourself and your condition by choosing the Gymtek XB900 magnetic bike.",xb900-gymtek-magnetic-bike,,,,,
,2,CLOM1501,US-USD 25000,Fitness and gym>Fitness equipment,10015,https://raw.githubusercontent.com/michaelsmorgon/eCommerce-images/master/fitness-and-gym/equipment/10015/1501.jpg,,,,,,,,,
,3,CLOM1502,US-USD 25000,Fitness and gym>Fitness equipment,10015,https://raw.githubusercontent.com/michaelsmorgon/eCommerce-images/master/fitness-and-gym/equipment/10015/1502.jpg,,,,,,,,,
,4,CLOM1503,US-USD 25000,Fitness and gym>Fitness equipment,10015,https://raw.githubusercontent.com/michaelsmorgon/eCommerce-images/master/fitness-and-gym/equipment/10015/1503.jpg,,,,,,,,,
,5,CLOM1504,US-USD 25000,Fitness and gym>Fitness equipment,10015,https://raw.githubusercontent.com/michaelsmorgon/eCommerce-images/master/fitness-and-gym/equipment/10015/1504.jpg,,,,,,,,,
main,1,CLOM1600,US-USD 92500,Fitness and gym>Fitness equipment,10016,https://raw.githubusercontent.com/michaelsmorgon/eCommerce-images/master/fitness-and-gym/equipment/10016/1601.jpg,"XR4000 Gymtek air rowing machine","Do you want training that will involve the whole body? Classic endurance sports such as running or cycling train only individual body parts and specific muscle parts.",xr4000-gymtek-air-rowing-machine,,,,,
,2,CLOM1601,US-USD 92500,Fitness and gym>Fitness equipment,10016,https://raw.githubusercontent.com/michaelsmorgon/eCommerce-images/master/fitness-and-gym/equipment/10016/1601.jpg,,,,,,,,,
,3,CLOM1602,US-USD 92500,Fitness and gym>Fitness equipment,10016,https://raw.githubusercontent.com/michaelsmorgon/eCommerce-images/master/fitness-and-gym/equipment/10016/1602.jpg,,,,,,,,,
,4,CLOM1603,US-USD 92500,Fitness and gym>Fitness equipment,10016,https://raw.githubusercontent.com/michaelsmorgon/eCommerce-images/master/fitness-and-gym/equipment/10016/1603.jpg,,,,,,,,,
,5,CLOM1604,US-USD 92500,Fitness and gym>Fitness equipment,10016,https://raw.githubusercontent.com/michaelsmorgon/eCommerce-images/master/fitness-and-gym/equipment/10016/1604.jpg,,,,,,,,,
main,1,CLOM1700,US-USD 50000,Fitness and gym>Fitness equipment,10017,https://raw.githubusercontent.com/michaelsmorgon/eCommerce-images/master/fitness-and-gym/equipment/10017/1701.jpg,"XT550 Gymtek electric treadmill","Take care of your condition without leaving the house. The XT550 Gymtek electric treadmill is a modern fitness equipment that should be in every home gym.",xt550-gymtek-electric-treadmill,,,,,
,2,CLOM1701,US-USD 50000,Fitness and gym>Fitness equipment,10017,https://raw.githubusercontent.com/michaelsmorgon/eCommerce-images/master/fitness-and-gym/equipment/10017/1701.jpg,,,,,,,,,
,3,CLOM1702,US-USD 50000,Fitness and gym>Fitness equipment,10017,https://raw.githubusercontent.com/michaelsmorgon/eCommerce-images/master/fitness-and-gym/equipment/10017/1702.jpg,,,,,,,,,
,4,CLOM1703,US-USD 50000,Fitness and gym>Fitness equipment,10017,https://raw.githubusercontent.com/michaelsmorgon/eCommerce-images/master/fitness-and-gym/equipment/10017/1703.jpg,,,,,,,,,
,5,CLOM1704,US-USD 50000,Fitness and gym>Fitness equipment,10017,https://raw.githubusercontent.com/michaelsmorgon/eCommerce-images/master/fitness-and-gym/equipment/10017/1704.jpg,,,,,,,,,
main,1,CLOM1800,US-USD 10800,Snow sports>Accessories,10018,https://raw.githubusercontent.com/michaelsmorgon/eCommerce-images/master/snow-sports/accessories/10018/1801.jpg,"Discovery Quiksilver ski goggles","Discovery Quiksilver ski goggles are perfect for winter activities.",discovery-quiksilver-ski-goggles,,,,,
,2,CLOM1801,US-USD 10800,Snow sports>Accessories,10018,https://raw.githubusercontent.com/michaelsmorgon/eCommerce-images/master/snow-sports/accessories/10018/1801.jpg,,,,,,,,,plastic
,3,CLOM1802,US-USD 10800,Snow sports>Accessories,10018,https://raw.githubusercontent.com/michaelsmorgon/eCommerce-images/master/snow-sports/accessories/10018/1802.jpg,,,,,,,,,plastic
main,1,CLOM1900,US-USD 7000,Snow sports>Accessories,10019,https://raw.githubusercontent.com/michaelsmorgon/eCommerce-images/master/snow-sports/accessories/10019/1901.jpg,"Manic Pro Junior Uvex ski helmet","If you are looking for a high-quality ski helmet for your child - bet on the Manic Pro model from the Uvex brand.",manic-pro-ski-helmet,,,,,
,2,CLOM1901,US-USD 7000,Snow sports>Accessories,10019,https://raw.githubusercontent.com/michaelsmorgon/eCommerce-images/master/snow-sports/accessories/10019/1901.jpg,,,,,,,,blue,
,3,CLOM1902,US-USD 7000,Snow sports>Accessories,10019,https://raw.githubusercontent.com/michaelsmorgon/eCommerce-images/master/snow-sports/accessories/10019/1902.jpg,,,,,,,,blue,
,4,CLOM1903,US-USD 7000,Snow sports>Accessories,10019,https://raw.githubusercontent.com/michaelsmorgon/eCommerce-images/master/snow-sports/accessories/10019/1901.jpg,,,,,,,,red,
,5,CLOM1904,US-USD 7000,Snow sports>Accessories,10019,https://raw.githubusercontent.com/michaelsmorgon/eCommerce-images/master/snow-sports/accessories/10019/1902.jpg,,,,,,,,red,
main,1,CLOM2000,US-USD 7000,Snow sports>Accessories,10020,https://raw.githubusercontent.com/michaelsmorgon/eCommerce-images/master/snow-sports/accessories/10020/2001.jpg,"Ski helmet with Falven Meteor glass","Provides excellent head protection, guaranteeing high comfort of use. Ideally suited to winter activities.",ski-helmet-falven-meteor-glass,,,,,
,2,CLOM2001,US-USD 7000,Snow sports>Accessories,10020,https://raw.githubusercontent.com/michaelsmorgon/eCommerce-images/master/snow-sports/accessories/10020/2001.jpg,,,,,,,,pink,
,3,CLOM2002,US-USD 7000,Snow sports>Accessories,10020,https://raw.githubusercontent.com/michaelsmorgon/eCommerce-images/master/snow-sports/accessories/10020/2002.jpg,,,,,,,,pink,
,4,CLOM2003,US-USD 7000,Snow sports>Accessories,10020,https://raw.githubusercontent.com/michaelsmorgon/eCommerce-images/master/snow-sports/accessories/10020/2003.jpg,,,,,,,,pink,
,5,CLOM2004,US-USD 7000,Snow sports>Accessories,10020,https://raw.githubusercontent.com/michaelsmorgon/eCommerce-images/master/snow-sports/accessories/10020/2004.jpg,,,,,,,,pink,
,6,CLOM2005,US-USD 7000,Snow sports>Accessories,10020,https://raw.githubusercontent.com/michaelsmorgon/eCommerce-images/master/snow-sports/accessories/10020/2001.jpg,,,,,,,,black,
,7,CLOM2006,US-USD 7000,Snow sports>Accessories,10020,https://raw.githubusercontent.com/michaelsmorgon/eCommerce-images/master/snow-sports/accessories/10020/2002.jpg,,,,,,,,black,
,8,CLOM2007,US-USD 7000,Snow sports>Accessories,10020,https://raw.githubusercontent.com/michaelsmorgon/eCommerce-images/master/snow-sports/accessories/10020/2003.jpg,,,,,,,,black,
,9,CLOM2008,US-USD 7000,Snow sports>Accessories,10020,https://raw.githubusercontent.com/michaelsmorgon/eCommerce-images/master/snow-sports/accessories/10020/2004.jpg,,,,,,,,black,
main,1,CLOM2100,US-USD 8800,Snow sports>Accessories,10021,https://raw.githubusercontent.com/michaelsmorgon/eCommerce-images/master/snow-sports/accessories/10021/2101.jpg,"Ski helmet with glass Holo Meteor","The Holo ski helmet from Meteor is the latest, designer model, suitable for any skier, regardless of gender.",ski-helmet-holo-meteor,,,,,
,2,CLOM2101,US-USD 8800,Snow sports>Accessories,10021,https://raw.githubusercontent.com/michaelsmorgon/eCommerce-images/master/snow-sports/accessories/10021/2101.jpg,,,,,,,,pink,
,3,CLOM2102,US-USD 8800,Snow sports>Accessories,10021,https://raw.githubusercontent.com/michaelsmorgon/eCommerce-images/master/snow-sports/accessories/10021/2102.jpg,,,,,,,,pink,
,4,CLOM2103,US-USD 8800,Snow sports>Accessories,10021,https://raw.githubusercontent.com/michaelsmorgon/eCommerce-images/master/snow-sports/accessories/10021/2103.jpg,,,,,,,,pink,
,5,CLOM2104,US-USD 8800,Snow sports>Accessories,10021,https://raw.githubusercontent.com/michaelsmorgon/eCommerce-images/master/snow-sports/accessories/10021/2101.jpg,,,,,,,,black,
,6,CLOM2105,US-USD 8800,Snow sports>Accessories,10021,https://raw.githubusercontent.com/michaelsmorgon/eCommerce-images/master/snow-sports/accessories/10021/2102.jpg,,,,,,,,black,
,7,CLOM2106,US-USD 8800,Snow sports>Accessories,10021,https://raw.githubusercontent.com/michaelsmorgon/eCommerce-images/master/snow-sports/accessories/10021/2103.jpg,,,,,,,,black,
main,1,CLOM2200,US-USD 10800,Snow sports>Clothes,10022,https://raw.githubusercontent.com/michaelsmorgon/eCommerce-images/master/snow-sports/clothes/10022/2201.jpg,"Glove Wind Hood Softshell Black Diamond","Are you looking forward to winter and going to the mountains? Get Black Diamond Wind Hood Softshell gloves and be sure that cold fingers will not spoil your activity. ",glove-wind-hood-softshell,,,,,
,2,CLOM2201,US-USD 10800,Snow sports>Clothes,10022,https://raw.githubusercontent.com/michaelsmorgon/eCommerce-images/master/snow-sports/clothes/10022/2201.jpg,,,,,,,,black,
,3,CLOM2202,US-USD 10800,Snow sports>Clothes,10022,https://raw.githubusercontent.com/michaelsmorgon/eCommerce-images/master/snow-sports/clothes/10022/2202.jpg,,,,,,,,black,
,4,CLOM2203,US-USD 10800,Snow sports>Clothes,10022,https://raw.githubusercontent.com/michaelsmorgon/eCommerce-images/master/snow-sports/clothes/10022/2201.jpg,,,,,,,,grey,
,5,CLOM2204,US-USD 10800,Snow sports>Clothes,10022,https://raw.githubusercontent.com/michaelsmorgon/eCommerce-images/master/snow-sports/clothes/10022/2202.jpg,,,,,,,,grey,
main,1,CLOM2300,US-USD 6000,Snow sports>Clothes,10023,https://raw.githubusercontent.com/michaelsmorgon/eCommerce-images/master/snow-sports/clothes/10023/2301.jpg,"Ski jacket Wedze 100 Warm","A properly long jacket with a high collar allows you to keep warm. Waterproof material and a well-covering hood protect against snow and wind.",ski-jacket-wedze-100-warm,,,,,
,2,CLOM2301,US-USD 6000,Snow sports>Clothes,10023,https://raw.githubusercontent.com/michaelsmorgon/eCommerce-images/master/snow-sports/clothes/10023/2301.jpg,,,,,,,,red,cotton
,3,CLOM2302,US-USD 6000,Snow sports>Clothes,10023,https://raw.githubusercontent.com/michaelsmorgon/eCommerce-images/master/snow-sports/clothes/10023/2302.jpg,,,,,,,,red,cotton
,4,CLOM2303,US-USD 6000,Snow sports>Clothes,10023,https://raw.githubusercontent.com/michaelsmorgon/eCommerce-images/master/snow-sports/clothes/10023/2301.jpg,,,,,,,,black,cotton
,5,CLOM2304,US-USD 6000,Snow sports>Clothes,10023,https://raw.githubusercontent.com/michaelsmorgon/eCommerce-images/master/snow-sports/clothes/10023/2302.jpg,,,,,,,,black,cotton
main,1,CLOM2400,US-USD 3500,Snow sports>Clothes,10024,https://raw.githubusercontent.com/michaelsmorgon/eCommerce-images/master/snow-sports/clothes/10024/2401.jpg,"Thermoactive shirt Sesto Senso Thermo Active Royal Man","The material used ensures quick moisture removal outside, leaving the body dry and at the same time ensuring adequate body temperature with great effort. Seamless technology adapts perfectly to the body, while providing complete freedom of movement.",thermoactive-shirt,,,,,
,2,CLOM2401,US-USD 3500,Snow sports>Clothes,10024,https://raw.githubusercontent.com/michaelsmorgon/eCommerce-images/master/snow-sports/clothes/10024/2401.jpg,,,,,,,,red,polyester
,3,CLOM2402,US-USD 3500,Snow sports>Clothes,10024,https://raw.githubusercontent.com/michaelsmorgon/eCommerce-images/master/snow-sports/clothes/10024/2402.jpg,,,,,,,,red,polyester
,4,CLOM2403,US-USD 3500,Snow sports>Clothes,10024,https://raw.githubusercontent.com/michaelsmorgon/eCommerce-images/master/snow-sports/clothes/10024/2403.jpg,,,,,,,,red,polyester
,5,CLOM2404,US-USD 3500,Snow sports>Clothes,10024,https://raw.githubusercontent.com/michaelsmorgon/eCommerce-images/master/snow-sports/clothes/10024/2404.jpg,,,,,,,,red,polyester
,6,CLOM2405,US-USD 3500,Snow sports>Clothes,10024,https://raw.githubusercontent.com/michaelsmorgon/eCommerce-images/master/snow-sports/clothes/10024/2401.jpg,,,,,,,,navy-blue,polyester
,7,CLOM2406,US-USD 3500,Snow sports>Clothes,10024,https://raw.githubusercontent.com/michaelsmorgon/eCommerce-images/master/snow-sports/clothes/10024/2402.jpg,,,,,,,,navy-blue,polyester
,8,CLOM2407,US-USD 3500,Snow sports>Clothes,10024,https://raw.githubusercontent.com/michaelsmorgon/eCommerce-images/master/snow-sports/clothes/10024/2403.jpg,,,,,,,,navy-blue,polyester
,9,CLOM2408,US-USD 3500,Snow sports>Clothes,10024,https://raw.githubusercontent.com/michaelsmorgon/eCommerce-images/master/snow-sports/clothes/10024/2404.jpg,,,,,,,,navy-blue,polyester
main,1,CLOM2500,US-USD 13000,Snow sports>Clothes,10025,https://raw.githubusercontent.com/michaelsmorgon/eCommerce-images/master/snow-sports/clothes/10025/2501.jpg,"Women's ski pants. Kensington protest","The material of these pants is breathable from the inside and at the same time waterproof to the outside, which helps maintain heat and dryness during action.",ski-pants,,,,,
,2,CLOM2501,US-USD 13000,Snow sports>Clothes,10025,https://raw.githubusercontent.com/michaelsmorgon/eCommerce-images/master/snow-sports/clothes/10025/2501.jpg,,,,,,,,black,polyester
,3,CLOM2502,US-USD 13000,Snow sports>Clothes,10025,https://raw.githubusercontent.com/michaelsmorgon/eCommerce-images/master/snow-sports/clothes/10025/2502.jpg,,,,,,,,black,polyester
,4,CLOM2503,US-USD 13000,Snow sports>Clothes,10025,https://raw.githubusercontent.com/michaelsmorgon/eCommerce-images/master/snow-sports/clothes/10025/2503.jpg,,,,,,,,black,polyester
,5,CLOM2504,US-USD 13000,Snow sports>Clothes,10025,https://raw.githubusercontent.com/michaelsmorgon/eCommerce-images/master/snow-sports/clothes/10025/2501.jpg,,,,,,,,black,polyester
,6,CLOM2505,US-USD 13000,Snow sports>Clothes,10025,https://raw.githubusercontent.com/michaelsmorgon/eCommerce-images/master/snow-sports/clothes/10025/2502.jpg,,,,,,,,black,polyester
,7,CLOM2506,US-USD 13000,Snow sports>Clothes,10025,https://raw.githubusercontent.com/michaelsmorgon/eCommerce-images/master/snow-sports/clothes/10025/2503.jpg,,,,,,,,black,polyester
main,1,CLOM2600,US-USD 6300,Snow sports>Inventory,10026,https://raw.githubusercontent.com/michaelsmorgon/eCommerce-images/master/snow-sports/inventory/10026/2601.jpg,"Carbon Cross Gabel ski poles","Carbon Cross ski poles from the latest winter collection Gabel are pure pleasure of holding and the highest quality of workmanship.",carbon-ski-poles,,,,,
,2,CLOM2601,US-USD 6300,Snow sports>Inventory,10026,https://raw.githubusercontent.com/michaelsmorgon/eCommerce-images/master/snow-sports/inventory/10026/2601.jpg,,,,,,,,black,carbon
,3,CLOM2602,US-USD 6300,Snow sports>Inventory,10026,https://raw.githubusercontent.com/michaelsmorgon/eCommerce-images/master/snow-sports/inventory/10026/2602.jpg,,,,,,,,black,carbon
,4,CLOM2603,US-USD 6300,Snow sports>Inventory,10026,https://raw.githubusercontent.com/michaelsmorgon/eCommerce-images/master/snow-sports/inventory/10026/2603.jpg,,,,,,,,black,carbon
,5,CLOM2604,US-USD 6300,Snow sports>Inventory,10026,https://raw.githubusercontent.com/michaelsmorgon/eCommerce-images/master/snow-sports/inventory/10026/2601.jpg,,,,,,,,yellow,carbon
,6,CLOM2605,US-USD 6300,Snow sports>Inventory,10026,https://raw.githubusercontent.com/michaelsmorgon/eCommerce-images/master/snow-sports/inventory/10026/2602.jpg,,,,,,,,yellow,carbon
,7,CLOM2606,US-USD 6300,Snow sports>Inventory,10026,https://raw.githubusercontent.com/michaelsmorgon/eCommerce-images/master/snow-sports/inventory/10026/2603.jpg,,,,,,,,yellow,carbon
main,1,CLOM2700,US-USD 6000,Snow sports>Inventory,10027,https://raw.githubusercontent.com/michaelsmorgon/eCommerce-images/master/snow-sports/inventory/10027/2701.jpg,"Fixed Adventure Majesty ski poles","Are you a winter sports lover? Reach for equipment that will make your reunions faster and safer. Adventure Majesty ski poles are a model inspired by sporty design and classic precision. Perfect for almost any area, so you can take them with you on every trip.",aluminum-ski-poles,,,,,
,2,CLOM2701,US-USD 6000,Snow sports>Inventory,10027,https://raw.githubusercontent.com/michaelsmorgon/eCommerce-images/master/snow-sports/inventory/10027/2701.jpg,,,,,,,,black,aluminum
,3,CLOM2702,US-USD 6000,Snow sports>Inventory,10027,https://raw.githubusercontent.com/michaelsmorgon/eCommerce-images/master/snow-sports/inventory/10027/2702.jpg,,,,,,,,black,aluminum
,4,CLOM2703,US-USD 6000,Snow sports>Inventory,10027,https://raw.githubusercontent.com/michaelsmorgon/eCommerce-images/master/snow-sports/inventory/10027/2703.jpg,,,,,,,,black,aluminum
,5,CLOM2704,US-USD 6000,Snow sports>Inventory,10027,https://raw.githubusercontent.com/michaelsmorgon/eCommerce-images/master/snow-sports/inventory/10027/2701.jpg,,,,,,,,yellow,aluminum
,6,CLOM2705,US-USD 6000,Snow sports>Inventory,10027,https://raw.githubusercontent.com/michaelsmorgon/eCommerce-images/master/snow-sports/inventory/10027/2702.jpg,,,,,,,,yellow,aluminum
,7,CLOM2706,US-USD 6000,Snow sports>Inventory,10027,https://raw.githubusercontent.com/michaelsmorgon/eCommerce-images/master/snow-sports/inventory/10027/2703.jpg,,,,,,,,yellow,aluminum
main,1,CLOM2800,US-USD 16000,Snow sports>Inventory,10028,https://raw.githubusercontent.com/michaelsmorgon/eCommerce-images/master/snow-sports/inventory/10028/2801.jpg,"Ski boots Sno Blade Camo Hamax","It's much more than a sledge. Thanks to skids, just like in skiing, and the steering wheel, the child will have control over the ride, which will be fast and manoeuvrable.",ski-boots,,,,,
,2,CLOM2801,US-USD 16000,Snow sports>Inventory,10028,https://raw.githubusercontent.com/michaelsmorgon/eCommerce-images/master/snow-sports/inventory/10028/2801.jpg,,,,,,,,black-red,
,3,CLOM2802,US-USD 16000,Snow sports>Inventory,10028,https://raw.githubusercontent.com/michaelsmorgon/eCommerce-images/master/snow-sports/inventory/10028/2802.jpg,,,,,,,,black-red,
,4,CLOM2803,US-USD 16000,Snow sports>Inventory,10028,https://raw.githubusercontent.com/michaelsmorgon/eCommerce-images/master/snow-sports/inventory/10028/2803.jpg,,,,,,,,black-red,
,5,CLOM2804,US-USD 16000,Snow sports>Inventory,10028,https://raw.githubusercontent.com/michaelsmorgon/eCommerce-images/master/snow-sports/inventory/10028/2801.jpg,,,,,,,,black-yellow,
,6,CLOM2805,US-USD 16000,Snow sports>Inventory,10028,https://raw.githubusercontent.com/michaelsmorgon/eCommerce-images/master/snow-sports/inventory/10028/2802.jpg,,,,,,,,black-yellow,
,7,CLOM2806,US-USD 16000,Snow sports>Inventory,10028,https://raw.githubusercontent.com/michaelsmorgon/eCommerce-images/master/snow-sports/inventory/10028/2803.jpg,,,,,,,,black-yellow,
main,1,CLOM2900,US-USD 9900,Snow sports>Inventory,10029,https://raw.githubusercontent.com/michaelsmorgon/eCommerce-images/master/snow-sports/inventory/10029/2901.jpg,"Ultra ZR Tempish hockey skates","Ultra ZR hockey skates from the Tempish brand are designed for recreational riding for intermediate riders.",hockey-skates,,,,,
,2,CLOM2901,US-USD 9900,Snow sports>Inventory,10029,https://raw.githubusercontent.com/michaelsmorgon/eCommerce-images/master/snow-sports/inventory/10029/2901.jpg,,,,,,,,black-red,
,3,CLOM2902,US-USD 9900,Snow sports>Inventory,10029,https://raw.githubusercontent.com/michaelsmorgon/eCommerce-images/master/snow-sports/inventory/10029/2902.jpg,,,,,,,,black-red,
,4,CLOM2903,US-USD 9900,Snow sports>Inventory,10029,https://raw.githubusercontent.com/michaelsmorgon/eCommerce-images/master/snow-sports/inventory/10029/2901.jpg,,,,,,,,black-yellow,
,5,CLOM2904,US-USD 9900,Snow sports>Inventory,10029,https://raw.githubusercontent.com/michaelsmorgon/eCommerce-images/master/snow-sports/inventory/10029/2902.jpg,,,,,,,,black-yellow,
,6,CLOM2905,US-USD 9900,Snow sports>Inventory,10029,https://raw.githubusercontent.com/michaelsmorgon/eCommerce-images/master/snow-sports/inventory/10029/2901.jpg,,,,,,,,black,
,7,CLOM2906,US-USD 9900,Snow sports>Inventory,10029,https://raw.githubusercontent.com/michaelsmorgon/eCommerce-images/master/snow-sports/inventory/10029/2902.jpg,,,,,,,,black,
main,1,CLOM3000,US-USD 4900,Sports>Accessories,10030,https://raw.githubusercontent.com/michaelsmorgon/eCommerce-images/master/sports/accessories/10030/3001.jpg,"Dunlop speed badminton set","The Dunlop brand proposal includes darts for beginners and intermediate, so everyone can try their hand.",badminton,,,,,
,2,CLOM3001,US-USD 4900,Sports>Accessories,10030,https://raw.githubusercontent.com/michaelsmorgon/eCommerce-images/master/sports/accessories/10030/3001.jpg,,,,,,,,red,aluminum
,3,CLOM3002,US-USD 4900,Sports>Accessories,10030,https://raw.githubusercontent.com/michaelsmorgon/eCommerce-images/master/sports/accessories/10030/3002.jpg,,,,,,,,red,aluminum
,4,CLOM3003,US-USD 4900,Sports>Accessories,10030,https://raw.githubusercontent.com/michaelsmorgon/eCommerce-images/master/sports/accessories/10030/3003.jpg,,,,,,,,red,aluminum
,5,CLOM3004,US-USD 4900,Sports>Accessories,10030,https://raw.githubusercontent.com/michaelsmorgon/eCommerce-images/master/sports/accessories/10030/3001.jpg,,,,,,,,white,aluminum
,6,CLOM3005,US-USD 4900,Sports>Accessories,10030,https://raw.githubusercontent.com/michaelsmorgon/eCommerce-images/master/sports/accessories/10030/3002.jpg,,,,,,,,white,aluminum
,7,CLOM3006,US-USD 4900,Sports>Accessories,10030,https://raw.githubusercontent.com/michaelsmorgon/eCommerce-images/master/sports/accessories/10030/3003.jpg,,,,,,,,white,aluminum
main,1,CLOM3100,US-USD 8800,Sports>Accessories,10031,https://raw.githubusercontent.com/michaelsmorgon/eCommerce-images/master/sports/accessories/10031/3101.jpg,"Football boots traffic jams X Speedflow.3 FG Adidas","The shoes are made of flexible, 4-way material that ensures a good fit to the foot. In combination with lacing and knitted tongue, the shoe will stick perfectly.",football-bbots,,,,,
,2,CLOM3101,US-USD 8800,Sports>Accessories,10031,https://raw.githubusercontent.com/michaelsmorgon/eCommerce-images/master/sports/accessories/10031/3101.jpg,,,,,,,,red,plastic
,3,CLOM3102,US-USD 8800,Sports>Accessories,10031,https://raw.githubusercontent.com/michaelsmorgon/eCommerce-images/master/sports/accessories/10031/3102.jpg,,,,,,,,red,plastic
,4,CLOM3103,US-USD 8800,Sports>Accessories,10031,https://raw.githubusercontent.com/michaelsmorgon/eCommerce-images/master/sports/accessories/10031/3103.jpg,,,,,,,,red,plastic
,5,CLOM3104,US-USD 8800,Sports>Accessories,10031,https://raw.githubusercontent.com/michaelsmorgon/eCommerce-images/master/sports/accessories/10031/3101.jpg,,,,,,,,blue,plastic
,6,CLOM3105,US-USD 8800,Sports>Accessories,10031,https://raw.githubusercontent.com/michaelsmorgon/eCommerce-images/master/sports/accessories/10031/3102.jpg,,,,,,,,blue,plastic
,7,CLOM3106,US-USD 8800,Sports>Accessories,10031,https://raw.githubusercontent.com/michaelsmorgon/eCommerce-images/master/sports/accessories/10031/3103.jpg,,,,,,,,blue,plastic
main,1,CLOM3200,US-USD 700,Sports>Accessories,10032,https://raw.githubusercontent.com/michaelsmorgon/eCommerce-images/master/sports/accessories/10032/3201.jpg,"Head Team tennis balls 4 pcs","Versatility of use is a unique advantage of Head Team balls. Only they will work perfectly during training sessions and tennis matches on every surface.",tennis-ball,,,,,
,2,CLOM3201,US-USD 700,Sports>Accessories,10032,https://raw.githubusercontent.com/michaelsmorgon/eCommerce-images/master/sports/accessories/10032/3201.jpg,,,,,,,,yellow,
,3,CLOM3202,US-USD 700,Sports>Accessories,10032,https://raw.githubusercontent.com/michaelsmorgon/eCommerce-images/master/sports/accessories/10032/3202.jpg,,,,,,,,yellow,
main,1,CLOM3300,US-USD 40900,Sports>Accessories,10033,https://raw.githubusercontent.com/michaelsmorgon/eCommerce-images/master/sports/accessories/10033/3301.jpg,"Lifetime Boston 90001 basketball stand","The Lifetime basketball set will allow you to throw training no matter where you are. You just have to have the ball with you.",basketball-stand,,,,,
,2,CLOM3301,US-USD 40900,Sports>Accessories,10033,https://raw.githubusercontent.com/michaelsmorgon/eCommerce-images/master/sports/accessories/10033/3301.jpg,,,,,,,,black,polycarbonate
,3,CLOM3302,US-USD 40900,Sports>Accessories,10033,https://raw.githubusercontent.com/michaelsmorgon/eCommerce-images/master/sports/accessories/10033/3302.jpg,,,,,,,,black,polycarbonate
main,1,CLOM3400,US-USD 4500,Sports>Balls,10034,https://raw.githubusercontent.com/michaelsmorgon/eCommerce-images/master/sports/balls/10034/3401.jpg,"Basketball ball Super Flite 7 Spalding","The ball is made of composite leather, which makes it very durable and has unprecedented resistance to damage and abrasion.",basketball-ball,,,,,
,2,CLOM3401,US-USD 4500,Sports>Balls,10034,https://raw.githubusercontent.com/michaelsmorgon/eCommerce-images/master/sports/balls/10034/3401.jpg,,,,,,,,black,
,3,CLOM3402,US-USD 4500,Sports>Balls,10034,https://raw.githubusercontent.com/michaelsmorgon/eCommerce-images/master/sports/balls/10034/3402.jpg,,,,,,,,black,
,4,CLOM3403,US-USD 4500,Sports>Balls,10034,https://raw.githubusercontent.com/michaelsmorgon/eCommerce-images/master/sports/balls/10034/3403.jpg,,,,,,,,black,
,5,CLOM3404,US-USD 4500,Sports>Balls,10034,https://raw.githubusercontent.com/michaelsmorgon/eCommerce-images/master/sports/balls/10034/3401.jpg,,,,,,,,red,
,6,CLOM3405,US-USD 4500,Sports>Balls,10034,https://raw.githubusercontent.com/michaelsmorgon/eCommerce-images/master/sports/balls/10034/3402.jpg,,,,,,,,red,
,7,CLOM3406,US-USD 4500,Sports>Balls,10034,https://raw.githubusercontent.com/michaelsmorgon/eCommerce-images/master/sports/balls/10034/3403.jpg,,,,,,,,red,
main,1,CLOM3500,US-USD 2200,Sports>Balls,10035,https://raw.githubusercontent.com/michaelsmorgon/eCommerce-images/master/sports/balls/10035/3501.jpg,"Football FC Barcelona Cataluya 5","The model is very durable, made of a material that prevents water from entering the surface of the ball, thanks to which it does not lose its elasticity, and each reflection you will be extremely precise and effective.",football-ball,,,,,
,2,CLOM3501,US-USD 2200,Sports>Balls,10035,https://raw.githubusercontent.com/michaelsmorgon/eCommerce-images/master/sports/balls/10035/3501.jpg,,,,,,,,white,
,3,CLOM3502,US-USD 2200,Sports>Balls,10035,https://raw.githubusercontent.com/michaelsmorgon/eCommerce-images/master/sports/balls/10035/3502.jpg,,,,,,,,white,
,4,CLOM3503,US-USD 2200,Sports>Balls,10035,https://raw.githubusercontent.com/michaelsmorgon/eCommerce-images/master/sports/balls/10035/3503.jpg,,,,,,,,white,
,5,CLOM3504,US-USD 2200,Sports>Balls,10035,https://raw.githubusercontent.com/michaelsmorgon/eCommerce-images/master/sports/balls/10035/3501.jpg,,,,,,,,yellow,
,6,CLOM3505,US-USD 2200,Sports>Balls,10035,https://raw.githubusercontent.com/michaelsmorgon/eCommerce-images/master/sports/balls/10035/3502.jpg,,,,,,,,yellow,
,7,CLOM3506,US-USD 2200,Sports>Balls,10035,https://raw.githubusercontent.com/michaelsmorgon/eCommerce-images/master/sports/balls/10035/3503.jpg,,,,,,,,yellow,
main,1,CLOM3600,US-USD 2100,Sports>Balls,10036,https://raw.githubusercontent.com/michaelsmorgon/eCommerce-images/master/sports/balls/10036/3601-blue.jpg,"Football Starlancer Club Football 5 Adidas","The ball is durable and resistant to damage. In addition, it does not absorb water, which makes it not heavy and does not cause any risk of injury during impacts.",football-ball-starlancer,,,,,
,2,CLOM3601,US-USD 2100,Sports>Balls,10036,https://raw.githubusercontent.com/michaelsmorgon/eCommerce-images/master/sports/balls/10036/3601-blue.jpg,,,,,,,,blue,
,3,CLOM3602,US-USD 2100,Sports>Balls,10036,https://raw.githubusercontent.com/michaelsmorgon/eCommerce-images/master/sports/balls/10036/3602-blue.jpg,,,,,,,,blue,
,4,CLOM3603,US-USD 2100,Sports>Balls,10036,https://raw.githubusercontent.com/michaelsmorgon/eCommerce-images/master/sports/balls/10036/3603-pink.jpg,,,,,,,,pink,
,5,CLOM3604,US-USD 2100,Sports>Balls,10036,https://raw.githubusercontent.com/michaelsmorgon/eCommerce-images/master/sports/balls/10036/3604-pink.jpg,,,,,,,,pink,
main,1,CLOM3700,US-USD 1900,Sports>Balls,10037,https://raw.githubusercontent.com/michaelsmorgon/eCommerce-images/master/sports/balls/10037/3702-mikasa.jpg,"Mikasa V370W FIVB volleyball","The Mikasa V370W volleyball has FIVB approval and expressive colors, which is perfect for recreational play.",volleyball-ball,,,,,
,2,CLOM3701,US-USD 1900,Sports>Balls,10037,https://raw.githubusercontent.com/michaelsmorgon/eCommerce-images/master/sports/balls/10037/3701.jpg,,,,,,,,blue,
,3,CLOM3702,US-USD 1900,Sports>Balls,10037,https://raw.githubusercontent.com/michaelsmorgon/eCommerce-images/master/sports/balls/10037/3701.jpg,,,,,,,,red,
main,1,CLOM3800,US-USD 700,Sports>Bicycles,10038,https://raw.githubusercontent.com/michaelsmorgon/eCommerce-images/master/sports/bicycles/10038/3801.jpg,"Blocker bicycle fastening 65cm Meteor","The Meteor Blocker bicycle fastener is a strong, flexible and self-winding braided steel cord that will protect your bike from theft.",blocker-bicycle-fastening,,,,,
,2,CLOM3801,US-USD 700,Sports>Bicycles,10038,https://raw.githubusercontent.com/michaelsmorgon/eCommerce-images/master/sports/bicycles/10038/3801.jpg,,,,,,,,,
,3,CLOM3802,US-USD 700,Sports>Bicycles,10038,https://raw.githubusercontent.com/michaelsmorgon/eCommerce-images/master/sports/bicycles/10038/3802.jpg,,,,,,,,,
,4,CLOM3803,US-USD 700,Sports>Bicycles,10038,https://raw.githubusercontent.com/michaelsmorgon/eCommerce-images/master/sports/bicycles/10038/3803.jpg,,,,,,,,,
main,1,CLOM3900,US-USD 90000,Sports>Bicycles,10039,https://raw.githubusercontent.com/michaelsmorgon/eCommerce-images/master/sports/bicycles/10039/3901.jpg,"Catherine Rock Machine bike","The aluminum frame allows you to keep the model weight low, which works well during ramps. Solid workmanship translates into a durable product that will work for many seasons.",rock-machine-bike,,,,,
,2,CLOM3901,US-USD 90000,Sports>Bicycles,10039,https://raw.githubusercontent.com/michaelsmorgon/eCommerce-images/master/sports/bicycles/10039/3901.jpg,,,,,,,,grey,aluminum
,3,CLOM3902,US-USD 90000,Sports>Bicycles,10039,https://raw.githubusercontent.com/michaelsmorgon/eCommerce-images/master/sports/bicycles/10039/3902.jpg,,,,,,,,grey,aluminum
,4,CLOM3903,US-USD 90000,Sports>Bicycles,10039,https://raw.githubusercontent.com/michaelsmorgon/eCommerce-images/master/sports/bicycles/10039/3903.jpg,,,,,,,,grey,aluminum
,5,CLOM3904,US-USD 90000,Sports>Bicycles,10039,https://raw.githubusercontent.com/michaelsmorgon/eCommerce-images/master/sports/bicycles/10039/3901.jpg,,,,,,,,white,aluminum
,6,CLOM3905,US-USD 90000,Sports>Bicycles,10039,https://raw.githubusercontent.com/michaelsmorgon/eCommerce-images/master/sports/bicycles/10039/3902.jpg,,,,,,,,white,aluminum
,7,CLOM3906,US-USD 90000,Sports>Bicycles,10039,https://raw.githubusercontent.com/michaelsmorgon/eCommerce-images/master/sports/bicycles/10039/3903.jpg,,,,,,,,white,aluminum
main,1,CLOM4000,US-USD 18900,Sports>Bicycles,10040,https://raw.githubusercontent.com/michaelsmorgon/eCommerce-images/master/sports/bicycles/10040/4001.jpg,"Quatro Integrale Uvex bicycle helmet","The product is made of high quality materials that are responsible for durable construction and maximum comfort during a bike trip. ",uvex-bicycle-helmet,,,,,
,2,CLOM4001,US-USD 18900,Sports>Bicycles,10040,https://raw.githubusercontent.com/michaelsmorgon/eCommerce-images/master/sports/bicycles/10040/4001.jpg,,,,,,,,yellow,plastic
,3,CLOM4002,US-USD 18900,Sports>Bicycles,10040,https://raw.githubusercontent.com/michaelsmorgon/eCommerce-images/master/sports/bicycles/10040/4002.jpg,,,,,,,,yellow,plastic
,4,CLOM4003,US-USD 18900,Sports>Bicycles,10040,https://raw.githubusercontent.com/michaelsmorgon/eCommerce-images/master/sports/bicycles/10040/4003.jpg,,,,,,,,yellow,plastic
,5,CLOM4004,US-USD 18900,Sports>Bicycles,10040,https://raw.githubusercontent.com/michaelsmorgon/eCommerce-images/master/sports/bicycles/10040/4004.jpg,,,,,,,,yellow,plastic
,6,CLOM4005,US-USD 18900,Sports>Bicycles,10040,https://raw.githubusercontent.com/michaelsmorgon/eCommerce-images/master/sports/bicycles/10040/4001.jpg,,,,,,,,blue,plastic
,7,CLOM4006,US-USD 18900,Sports>Bicycles,10040,https://raw.githubusercontent.com/michaelsmorgon/eCommerce-images/master/sports/bicycles/10040/4002.jpg,,,,,,,,blue,plastic
,8,CLOM4007,US-USD 18900,Sports>Bicycles,10040,https://raw.githubusercontent.com/michaelsmorgon/eCommerce-images/master/sports/bicycles/10040/4003.jpg,,,,,,,,blue,plastic
,9,CLOM4008,US-USD 18900,Sports>Bicycles,10040,https://raw.githubusercontent.com/michaelsmorgon/eCommerce-images/master/sports/bicycles/10040/4004.jpg,,,,,,,,blue,plastic
main,1,CLOM4100,US-USD 2200,Sports>Bicycles,10041,https://raw.githubusercontent.com/michaelsmorgon/eCommerce-images/master/sports/bicycles/10041/4101.jpg,"Velo VL-3422 Prox bicycle saddle","One of the most important elements of cycling equipment that watches over your comfort while riding is the saddle. Velo VL-3422 by Prox is a model adapted to the needs of MTB and road bike owners.",bicycle-saddle,,,,,
,2,CLOM4101,US-USD 2200,Sports>Bicycles,10041,https://raw.githubusercontent.com/michaelsmorgon/eCommerce-images/master/sports/bicycles/10041/4101.jpg,,,,,,,,black,
,3,CLOM4102,US-USD 2200,Sports>Bicycles,10041,https://raw.githubusercontent.com/michaelsmorgon/eCommerce-images/master/sports/bicycles/10041/4102.jpg,,,,,,,,black,
,4,CLOM4103,US-USD 2200,Sports>Bicycles,10041,https://raw.githubusercontent.com/michaelsmorgon/eCommerce-images/master/sports/bicycles/10041/4103.jpg,,,,,,,,black,
,5,CLOM4104,US-USD 2200,Sports>Bicycles,10041,https://raw.githubusercontent.com/michaelsmorgon/eCommerce-images/master/sports/bicycles/10041/4101.jpg,,,,,,,,grey,
,6,CLOM4105,US-USD 2200,Sports>Bicycles,10041,https://raw.githubusercontent.com/michaelsmorgon/eCommerce-images/master/sports/bicycles/10041/4102.jpg,,,,,,,,grey,
,7,CLOM4106,US-USD 2200,Sports>Bicycles,10041,https://raw.githubusercontent.com/michaelsmorgon/eCommerce-images/master/sports/bicycles/10041/4103.jpg,,,,,,,,grey,
main,1,CLOM4200,US-USD 11000,Sports>Skating,10042,https://raw.githubusercontent.com/michaelsmorgon/eCommerce-images/master/sports/skating/10042/4201.jpg,"Aluminum scooter with disc brake ST2000 Xride","It was made of durable aluminum, thanks to which it can withstand loads of up to 100 kilograms. Also suitable for people up to 175 centimeters tall. This ensures that this model is adjusted. ",aluminum-scooter,,,,,
,2,CLOM4201,US-USD 11000,Sports>Skating,10042,https://raw.githubusercontent.com/michaelsmorgon/eCommerce-images/master/sports/skating/10042/4201.jpg,,,,,,,,gold-black,aluminum
,3,CLOM4202,US-USD 11000,Sports>Skating,10042,https://raw.githubusercontent.com/michaelsmorgon/eCommerce-images/master/sports/skating/10042/4202.jpg,,,,,,,,gold-black,aluminum
,4,CLOM4203,US-USD 11000,Sports>Skating,10042,https://raw.githubusercontent.com/michaelsmorgon/eCommerce-images/master/sports/skating/10042/4203.jpg,,,,,,,,gold-black,aluminum
,5,CLOM4204,US-USD 11000,Sports>Skating,10042,https://raw.githubusercontent.com/michaelsmorgon/eCommerce-images/master/sports/skating/10042/4204.jpg,,,,,,,,gold-black,aluminum
,6,CLOM4205,US-USD 11000,Sports>Skating,10042,https://raw.githubusercontent.com/michaelsmorgon/eCommerce-images/master/sports/skating/10042/4201.jpg,,,,,,,,black-red,aluminum
,7,CLOM4206,US-USD 11000,Sports>Skating,10042,https://raw.githubusercontent.com/michaelsmorgon/eCommerce-images/master/sports/skating/10042/4202.jpg,,,,,,,,black-red,aluminum
,8,CLOM4207,US-USD 11000,Sports>Skating,10042,https://raw.githubusercontent.com/michaelsmorgon/eCommerce-images/master/sports/skating/10042/4203.jpg,,,,,,,,black-red,aluminum
,9,CLOM4208,US-USD 11000,Sports>Skating,10042,https://raw.githubusercontent.com/michaelsmorgon/eCommerce-images/master/sports/skating/10042/4204.jpg,,,,,,,,black-red,aluminum
main,1,CLOM4300,US-USD 800,Sports>Skating,10043,https://raw.githubusercontent.com/michaelsmorgon/eCommerce-images/master/sports/skating/10043/4301.jpg,"H110 3pcs set. Nils","Protectors are the basic element of the outfit of every young amateur of outdoor activities. H110 brands Nils are perfect protectors, tailored to the wrists, elbows and knees, thanks to which falls will always end in laughter.",nils,,,,,
,2,CLOM4301,US-USD 800,Sports>Skating,10043,https://raw.githubusercontent.com/michaelsmorgon/eCommerce-images/master/sports/skating/10043/4301.jpg,,,,,,,,black,
,3,CLOM4302,US-USD 800,Sports>Skating,10043,https://raw.githubusercontent.com/michaelsmorgon/eCommerce-images/master/sports/skating/10043/4302.jpg,,,,,,,,black,
,4,CLOM4303,US-USD 800,Sports>Skating,10043,https://raw.githubusercontent.com/michaelsmorgon/eCommerce-images/master/sports/skating/10043/4301.jpg,,,,,,,,grey,
,5,CLOM4304,US-USD 800,Sports>Skating,10043,https://raw.githubusercontent.com/michaelsmorgon/eCommerce-images/master/sports/skating/10043/4302.jpg,,,,,,,,grey,
main,1,CLOM4400,US-USD 12000,Sports>Skating,10044,https://raw.githubusercontent.com/michaelsmorgon/eCommerce-images/master/sports/skating/10044/4401.jpg,"Neon Scooter ST900 Xride","In scooters of this type, wheels whose quality has been taken care of by the Xride brand are of key importance.",neon-scooter,,,,,
,2,CLOM4401,US-USD 12000,Sports>Skating,10044,https://raw.githubusercontent.com/michaelsmorgon/eCommerce-images/master/sports/skating/10044/4401.jpg,,,,,,,,red,aluminum
,3,CLOM4402,US-USD 12000,Sports>Skating,10044,https://raw.githubusercontent.com/michaelsmorgon/eCommerce-images/master/sports/skating/10044/4402.jpg,,,,,,,,red,aluminum
,4,CLOM4403,US-USD 12000,Sports>Skating,10044,https://raw.githubusercontent.com/michaelsmorgon/eCommerce-images/master/sports/skating/10044/4403.jpg,,,,,,,,red,aluminum
,5,CLOM4404,US-USD 12000,Sports>Skating,10044,https://raw.githubusercontent.com/michaelsmorgon/eCommerce-images/master/sports/skating/10044/4401.jpg,,,,,,,,blue,aluminum
,6,CLOM4405,US-USD 12000,Sports>Skating,10044,https://raw.githubusercontent.com/michaelsmorgon/eCommerce-images/master/sports/skating/10044/4402.jpg,,,,,,,,blue,aluminum
,7,CLOM4406,US-USD 12000,Sports>Skating,10044,https://raw.githubusercontent.com/michaelsmorgon/eCommerce-images/master/sports/skating/10044/4403.jpg,,,,,,,,blue,aluminum
,8,CLOM4407,US-USD 12000,Sports>Skating,10044,https://raw.githubusercontent.com/michaelsmorgon/eCommerce-images/master/sports/skating/10044/4401.jpg,,,,,,,,white,aluminum
,9,CLOM4408,US-USD 12000,Sports>Skating,10044,https://raw.githubusercontent.com/michaelsmorgon/eCommerce-images/master/sports/skating/10044/4402.jpg,,,,,,,,white,aluminum
,10,CLOM4409,US-USD 12000,Sports>Skating,10044,https://raw.githubusercontent.com/michaelsmorgon/eCommerce-images/master/sports/skating/10044/4403.jpg,,,,,,,,white,aluminum
main,1,CLOM4500,US-USD 9900,Sports>Skating,10045,https://raw.githubusercontent.com/michaelsmorgon/eCommerce-images/master/sports/skating/10045/4501.jpg,"Prime Pro Spokey rollers","The Prime Pro Spokey model, thanks to ABEC9 Carbon bearings, is extremely durable and is suitable for fast driving. The wheels are made of high quality materials, which will extend the life of the product.",prime-pro-spokey-rollers,,,,,
,2,CLOM4501,US-USD 9900,Sports>Skating,10045,https://raw.githubusercontent.com/michaelsmorgon/eCommerce-images/master/sports/skating/10045/4501.jpg,,,,,,,,white,
,3,CLOM4502,US-USD 9900,Sports>Skating,10045,https://raw.githubusercontent.com/michaelsmorgon/eCommerce-images/master/sports/skating/10045/4502.jpg,,,,,,,,white,
,4,CLOM4503,US-USD 9900,Sports>Skating,10045,https://raw.githubusercontent.com/michaelsmorgon/eCommerce-images/master/sports/skating/10045/4503.jpg,,,,,,,,white,
,5,CLOM4504,US-USD 9900,Sports>Skating,10045,https://raw.githubusercontent.com/michaelsmorgon/eCommerce-images/master/sports/skating/10045/4504.jpg,,,,,,,,white,
,6,CLOM4505,US-USD 9900,Sports>Skating,10045,https://raw.githubusercontent.com/michaelsmorgon/eCommerce-images/master/sports/skating/10045/4501.jpg,,,,,,,,black,
,7,CLOM4506,US-USD 9900,Sports>Skating,10045,https://raw.githubusercontent.com/michaelsmorgon/eCommerce-images/master/sports/skating/10045/4502.jpg,,,,,,,,black,
,8,CLOM4507,US-USD 9900,Sports>Skating,10045,https://raw.githubusercontent.com/michaelsmorgon/eCommerce-images/master/sports/skating/10045/4503.jpg,,,,,,,,black,
,9,CLOM4508,US-USD 9900,Sports>Skating,10045,https://raw.githubusercontent.com/michaelsmorgon/eCommerce-images/master/sports/skating/10045/4504.jpg,,,,,,,,black,
main,1,CLOM4600,US-USD 3500,Tourism>Bags,10046,https://raw.githubusercontent.com/michaelsmorgon/eCommerce-images/master/tourism/bags/10046/4601.jpg,"Backpack Cruise 35L Hi Mountain","The Cruise 35L Hi Mountain backpack is made of polyester fabric. What increases the comfort of its use are two additional belts: hip and chest.",backpack-cruise,,,,,
,2,CLOM4601,US-USD 3500,Tourism>Bags,10046,https://raw.githubusercontent.com/michaelsmorgon/eCommerce-images/master/tourism/bags/10046/4601.jpg,,,,,,,,blue,polyester
,3,CLOM4602,US-USD 3500,Tourism>Bags,10046,https://raw.githubusercontent.com/michaelsmorgon/eCommerce-images/master/tourism/bags/10046/4602.jpg,,,,,,,,blue,polyester
,4,CLOM4603,US-USD 3500,Tourism>Bags,10046,https://raw.githubusercontent.com/michaelsmorgon/eCommerce-images/master/tourism/bags/10046/4603.jpg,,,,,,,,blue,polyester
,5,CLOM4604,US-USD 3500,Tourism>Bags,10046,https://raw.githubusercontent.com/michaelsmorgon/eCommerce-images/master/tourism/bags/10046/4604.jpg,,,,,,,,blue,polyester
,6,CLOM4605,US-USD 3500,Tourism>Bags,10046,https://raw.githubusercontent.com/michaelsmorgon/eCommerce-images/master/tourism/bags/10046/4601.jpg,,,,,,,,blue,polyester
,7,CLOM4606,US-USD 3500,Tourism>Bags,10046,https://raw.githubusercontent.com/michaelsmorgon/eCommerce-images/master/tourism/bags/10046/4602.jpg,,,,,,,,blue,polyester
,8,CLOM4607,US-USD 3500,Tourism>Bags,10046,https://raw.githubusercontent.com/michaelsmorgon/eCommerce-images/master/tourism/bags/10046/4603.jpg,,,,,,,,blue,polyester
,9,CLOM4608,US-USD 3500,Tourism>Bags,10046,https://raw.githubusercontent.com/michaelsmorgon/eCommerce-images/master/tourism/bags/10046/4604.jpg,,,,,,,,blue,polyester
